Instancia;SPT;LPT;MWKR;LWKR;FIFO;Random;Melhor;Gap SPT;Gap LPT;Gap MWKR;Gap LWKR;Gap FIFO;Gap Random
abz5;1352;1586;1369;1735;1467;1380;1352;0.00;17.31;1.26;28.33;8.51;2.07
abz6;1097;1207;987;1110;1045;1051;987;11.14;22.29;0.00;12.46;5.88;6.48
abz7;849;903;769;1113;803;764;764;11.13;18.19;0.65;45.68;5.10;0.00
abz8;929;949;825;951;877;844;825;12.61;15.03;0.00;15.27;6.30;2.30
abz9;887;976;857;1071;946;851;851;4.23;14.69;0.71;25.85;11.16;0.00
ft06;88;77;61;83;65;60;60;46.67;28.33;1.67;38.33;8.33;0.00
ft10;1074;1295;1108;1334;1184;1171;1074;0.00;20.58;3.17;24.21;10.24;9.03
ft20;1267;1631;1501;1392;1645;1426;1267;0.00;28.73;18.47;9.87;29.83;12.55
la01;751;822;735;933;772;691;691;8.68;18.96;6.37;35.02;11.72;0.00
la02;821;990;817;830;830;773;773;6.21;28.07;5.69;7.37;7.37;0.00
la03;672;825;696;822;755;660;660;1.82;25.00;5.45;24.55;14.39;0.00
la04;711;818;758;833;695;654;654;8.72;25.08;15.90;27.37;6.27;0.00
la05;610;693;593;766;610;593;593;2.87;16.86;0.00;29.17;2.87;0.00
la06;1200;1125;926;1067;926;926;926;29.59;21.49;0.00;15.23;0.00;0.00
la07;1034;1069;970;1136;1088;967;967;6.93;10.55;0.31;17.48;12.51;0.00
la08;942;1035;957;1176;980;967;942;0.00;9.87;1.59;24.84;4.03;2.65
la09;1045;1183;1015;1334;1018;1000;1000;4.50;18.30;1.50;33.40;1.80;0.00
la10;1049;1132;966;1312;1006;1004;966;8.59;17.18;0.00;35.82;4.14;3.93
la11;1473;1467;1268;1525;1272;1259;1259;17.00;16.52;0.71;21.13;1.03;0.00
la12;1203;1240;1137;1305;1039;1047;1039;15.78;19.35;9.43;25.60;0.00;0.77
la13;1275;1230;1166;1354;1199;1158;1158;10.10;6.22;0.69;16.93;3.54;0.00
la14;1427;1434;1292;1725;1292;1292;1292;10.45;10.99;0.00;33.51;0.00;0.00
la15;1339;1612;1343;1648;1587;1356;1339;0.00;20.39;0.30;23.08;18.52;1.27
la16;1156;1229;1054;1347;1180;1062;1054;9.68;16.60;0.00;27.80;11.95;0.76
la17;924;1082;846;1203;943;914;846;9.22;27.90;0.00;42.20;11.47;8.04
la18;981;1114;970;1154;1049;981;970;1.13;14.85;0.00;18.97;8.14;1.13
la19;940;1062;1013;986;983;950;940;0.00;12.98;7.77;4.89;4.57;1.06
la20;1000;1272;964;1232;1272;1070;964;3.73;31.95;0.00;27.80;31.95;11.00
la21;1324;1451;1264;1518;1265;1266;1264;4.75;14.79;0.00;20.09;0.08;0.16
la22;1180;1315;1079;1589;1312;1144;1079;9.36;21.87;0.00;47.27;21.59;6.02
la23;1162;1302;1185;1374;1354;1178;1162;0.00;12.05;1.98;18.24;16.52;1.38
la24;1203;1245;1101;1214;1141;1079;1079;11.49;15.38;2.04;12.51;5.75;0.00
la25;1449;1374;1166;1487;1283;1094;1094;32.45;25.59;6.58;35.92;17.28;0.00
la26;1498;1643;1435;1606;1372;1388;1372;9.18;19.75;4.59;17.06;0.00;1.17
la27;1784;1644;1442;1728;1644;1510;1442;23.72;14.01;0.00;19.83;14.01;4.72
la28;1610;1844;1487;1750;1474;1492;1474;9.23;25.10;0.88;18.72;0.00;1.22
la29;1556;1720;1337;1665;1540;1446;1337;16.38;28.65;0.00;24.53;15.18;8.15
la30;1792;1953;1534;2067;1648;1485;1485;20.67;31.52;3.30;39.19;10.98;0.00
la31;1951;2245;1931;2322;1918;1914;1914;1.93;17.29;0.89;21.32;0.21;0.00
la32;2165;2470;1875;2341;2110;2000;1875;15.47;31.73;0.00;24.85;12.53;6.67
la33;1901;2297;1875;2125;1873;1909;1873;1.49;22.64;0.11;13.45;0.00;1.92
la34;2070;2330;1935;2223;1925;1910;1910;8.38;21.99;1.31;16.39;0.79;0.00
la35;2118;2349;2118;2316;2142;2122;2118;0.00;10.91;0.00;9.35;1.13;0.19
la36;1799;1737;1510;1899;1516;1594;1510;19.14;15.03;0.00;25.76;0.40;5.56
la37;1655;1944;1588;1996;1873;1575;1575;5.08;23.43;0.83;26.73;18.92;0.00
la38;1404;1732;1421;1820;1475;1453;1404;0.00;23.36;1.21;29.63;5.06;3.49
la39;1534;1625;1500;1586;1532;1515;1500;2.27;8.33;0.00;5.73;2.13;1.00
la40;1476;1822;1440;1570;1531;1433;1433;3.00;27.15;0.49;9.56;6.84;0.00
orb01;1478;1410;1359;1398;1368;1296;1296;14.04;8.80;4.86;7.87;5.56;0.00
orb02;1175;1293;1047;1170;1007;1040;1007;16.68;28.40;3.97;16.19;0.00;3.28
orb03;1179;1430;1247;1389;1405;1244;1179;0.00;21.29;5.77;17.81;19.17;5.51
orb04;1236;1415;1172;1432;1325;1173;1172;5.46;20.73;0.00;22.18;13.05;0.09
orb05;1152;1099;1173;1175;1155;1033;1033;11.52;6.39;13.55;13.75;11.81;0.00
orb06;1190;1474;1291;1322;1330;1183;1183;0.59;24.60;9.13;11.75;12.43;0.00
orb07;504;470;483;499;475;462;462;9.09;1.73;4.55;8.01;2.81;0.00
orb08;1107;1176;1180;1178;1225;1085;1085;2.03;8.39;8.76;8.57;12.90;0.00
orb09;1262;1268;1144;1239;1189;1138;1138;10.90;11.42;0.53;8.88;4.48;0.00
orb10;1113;1254;1220;1265;1303;1148;1113;0.00;12.67;9.61;13.66;17.07;3.14
swv01;1737;2145;1988;1835;2154;1852;1737;0.00;23.49;14.45;5.64;24.01;6.62
swv02;1706;2113;1971;1938;2157;1839;1706;0.00;23.86;15.53;13.60;26.44;7.80
swv03;1806;2149;1874;1944;2019;1831;1806;0.00;18.99;3.77;7.64;11.79;1.38
swv04;1874;2132;1879;1931;2015;1927;1874;0.00;13.77;0.27;3.04;7.52;2.83
swv05;1922;2091;1882;2092;2003;1857;1857;3.50;12.60;1.35;12.65;7.86;0.00
swv06;2140;2542;2135;2452;2519;2282;2135;0.23;19.06;0.00;14.85;17.99;6.89
swv07;2146;2263;2115;2263;2268;2213;2115;1.47;7.00;0.00;7.00;7.23;4.63
swv08;2231;2819;2544;2432;2554;2214;2214;0.77;27.33;14.91;9.85;15.36;0.00
swv09;2247;2505;2118;2430;2498;2179;2118;6.09;18.27;0.00;14.73;17.94;2.88
swv10;2337;2637;2300;2460;2352;2308;2300;1.61;14.65;0.00;6.96;2.26;0.35
swv11;3714;4763;4257;3907;4427;4128;3714;0.00;28.24;14.62;5.20;19.20;11.15
swv12;3759;4503;4327;3766;4749;4165;3759;0.00;19.79;15.11;0.19;26.34;10.80
swv13;3657;4467;4389;3989;4829;4174;3657;0.00;22.15;20.02;9.08;32.05;14.14
swv14;3506;4632;4164;3846;4621;4017;3506;0.00;32.12;18.77;9.70;31.80;14.58
swv15;3501;4404;4374;3875;4620;3955;3501;0.00;25.79;24.94;10.68;31.96;12.97
swv16;3453;3416;2924;3513;2951;3066;2924;18.09;16.83;0.00;20.14;0.92;4.86
swv17;3082;3438;2861;3264;2962;2886;2861;7.72;20.17;0.00;14.09;3.53;0.87
swv18;3191;3591;2935;3345;2974;3001;2935;8.72;22.35;0.00;13.97;1.33;2.25
swv19;3161;3889;3008;3871;3095;2990;2990;5.72;30.07;0.60;29.46;3.51;0.00
swv20;3125;3592;2823;3256;2853;2897;2823;10.70;27.24;0.00;15.34;1.06;2.62
ta01;1462;1701;1491;1710;1486;1483;1462;0.00;16.35;1.98;16.96;1.64;1.44
ta02;1446;1755;1440;2024;1486;1511;1440;0.42;21.88;0.00;40.56;3.19;4.93
ta03;1495;1655;1426;1759;1461;1458;1426;4.84;16.06;0.00;23.35;2.45;2.24
ta04;1708;1800;1387;1843;1575;1489;1387;23.14;29.78;0.00;32.88;13.55;7.35
ta05;1618;1828;1494;1772;1457;1506;1457;11.05;25.46;2.54;21.62;0.00;3.36
ta06;1522;1683;1369;1740;1528;1429;1369;11.18;22.94;0.00;27.10;11.61;4.38
ta07;1434;1824;1470;1655;1497;1520;1434;0.00;27.20;2.51;15.41;4.39;6.00
ta08;1457;1577;1491;1945;1496;1397;1397;4.29;12.88;6.73;39.23;7.09;0.00
ta09;1622;1746;1541;1997;1642;1597;1541;5.26;13.30;0.00;29.59;6.55;3.63
ta10;1697;1778;1534;1702;1600;1557;1534;10.63;15.91;0.00;10.95;4.30;1.50
ta11;1865;2046;1685;1977;1701;1715;1685;10.68;21.42;0.00;17.33;0.95;1.78
ta12;1667;2069;1707;1890;1670;1665;1665;0.12;24.26;2.52;13.51;0.30;0.00
ta13;1802;2119;1690;1821;1862;1635;1635;10.21;29.60;3.36;11.38;13.88;0.00
ta14;1635;1717;1563;1889;1812;1655;1563;4.61;9.85;0.00;20.86;15.93;5.89
ta15;1835;2031;1696;2022;1788;1703;1696;8.20;19.75;0.00;19.22;5.42;0.41
ta16;1965;2071;1584;1890;1825;1791;1584;24.05;30.74;0.00;19.32;15.21;13.07
ta17;2059;2079;1804;2284;1899;1747;1747;17.86;19.00;3.26;30.74;8.70;0.00
ta18;1808;1934;1751;2199;1833;1769;1751;3.26;10.45;0.00;25.59;4.68;1.03
ta19;1789;1980;1667;2078;1716;1761;1667;7.32;18.78;0.00;24.66;2.94;5.64
ta20;1710;1897;1689;2022;1827;1795;1689;1.24;12.31;0.00;19.72;8.17;6.28
ta21;2175;2266;2044;2477;2089;2087;2044;6.41;10.86;0.00;21.18;2.20;2.10
ta22;1965;2324;1914;2153;2146;2060;1914;2.66;21.42;0.00;12.49;12.12;7.63
ta23;1933;2148;1983;2342;2010;1991;1933;0.00;11.12;2.59;21.16;3.98;3.00
ta24;2230;2701;1982;2189;1989;1984;1982;12.51;36.28;0.00;10.44;0.35;0.10
ta25;1950;2268;1941;2455;2160;1982;1941;0.46;16.85;0.00;26.48;11.28;2.11
ta26;2188;2224;1951;2389;2182;2014;1951;12.15;13.99;0.00;22.45;11.84;3.23
ta27;2096;2189;2091;2510;2091;2020;2020;3.76;8.37;3.51;24.26;3.51;0.00
ta28;1968;2224;1997;2688;1980;1940;1940;1.44;14.64;2.94;38.56;2.06;0.00
ta29;2166;2218;1860;2554;2011;2046;1860;16.45;19.25;0.00;37.31;8.12;10.00
ta30;1999;2218;1935;2126;1941;1848;1848;8.17;20.02;4.71;15.04;5.03;0.00
ta31;2335;2417;2134;2667;2277;2181;2134;9.42;13.26;0.00;24.98;6.70;2.20
ta32;2432;2501;2223;2860;2279;2315;2223;9.40;12.51;0.00;28.65;2.52;4.14
ta33;2453;2847;2349;2733;2481;2442;2349;4.43;21.20;0.00;16.35;5.62;3.96
ta34;2434;2975;2245;2809;2546;2366;2245;8.42;32.52;0.00;25.12;13.41;5.39
ta35;2497;2636;2226;2569;2478;2329;2226;12.17;18.42;0.00;15.41;11.32;4.63
ta36;2445;2699;2365;2790;2433;2268;2268;7.80;19.00;4.28;23.02;7.28;0.00
ta37;2664;2713;2130;2480;2382;2199;2130;25.07;27.37;0.00;16.43;11.83;3.24
ta38;2155;2541;2050;2633;2277;2155;2050;5.12;23.95;0.00;28.44;11.07;5.12
ta39;2477;2630;2221;2841;2255;2259;2221;11.53;18.42;0.00;27.92;1.53;1.71
ta40;2301;2688;2205;2411;2069;2113;2069;11.21;29.92;6.57;16.53;0.00;2.13
ta41;2499;2925;2620;3118;2543;2565;2499;0.00;17.05;4.84;24.77;1.76;2.64
ta42;2710;3140;2416;3068;2669;2618;2416;12.17;29.97;0.00;26.99;10.47;8.36
ta43;2434;2792;2345;2990;2506;2411;2345;3.80;19.06;0.00;27.51;6.87;2.81
ta44;2906;2698;2544;3058;2540;2622;2540;14.41;6.22;0.16;20.39;0.00;3.23
ta45;2640;3102;2524;3111;2565;2554;2524;4.60;22.90;0.00;23.26;1.62;1.19
ta46;2667;2916;2447;3111;2582;2587;2447;8.99;19.17;0.00;27.14;5.52;5.72
ta47;2620;2942;2263;3124;2508;2427;2263;15.78;30.00;0.00;38.05;10.83;7.25
ta48;2620;3014;2356;3035;2541;2517;2356;11.21;27.93;0.00;28.82;7.85;6.83
ta49;2666;3032;2382;3327;2550;2516;2382;11.92;27.29;0.00;39.67;7.05;5.63
ta50;2429;2701;2493;3047;2531;2506;2429;0.00;11.20;2.63;25.44;4.20;3.17
ta51;3856;3880;3435;3764;3590;3354;3354;14.97;15.68;2.42;12.22;7.04;0.00
ta52;3266;4028;3394;3907;3365;3332;3266;0.00;23.33;3.92;19.63;3.03;2.02
ta53;3507;3551;3098;3828;3169;3177;3098;13.20;14.62;0.00;23.56;2.29;2.55
ta54;3142;3679;3272;3851;3218;3184;3142;0.00;17.09;4.14;22.57;2.42;1.34
ta55;3225;3804;3188;3580;3291;3135;3135;2.87;21.34;1.69;14.19;4.98;0.00
ta56;3530;4133;3134;4112;3329;3447;3134;12.64;31.88;0.00;31.21;6.22;9.99
ta57;3725;4329;3261;3850;3654;3427;3261;14.23;32.75;0.00;18.06;12.05;5.09
ta58;3365;4352;3365;3882;3362;3398;3362;0.09;29.45;0.09;15.47;0.00;1.07
ta59;3294;3786;3131;3749;3357;3278;3131;5.21;20.92;0.00;19.74;7.22;4.69
ta60;3500;3646;3122;3864;3129;3175;3122;12.11;16.78;0.00;23.77;0.22;1.70
ta61;3606;3989;3343;4302;3690;3644;3343;7.87;19.32;0.00;28.69;10.38;9.00
ta62;3639;3959;3462;4308;3657;3715;3462;5.11;14.36;0.00;24.44;5.63;7.31
ta63;3521;4206;3233;4181;3367;3396;3233;8.91;30.10;0.00;29.32;4.14;5.04
ta64;3447;3840;3188;3920;3179;3400;3179;8.43;20.79;0.28;23.31;0.00;6.95
ta65;3332;3980;3429;3992;3273;3347;3273;1.80;21.60;4.77;21.97;0.00;2.26
ta66;3677;4205;3287;4327;3610;3426;3287;11.86;27.93;0.00;31.64;9.83;4.23
ta67;3487;4105;3351;4302;3612;3497;3351;4.06;22.50;0.00;28.38;7.79;4.36
ta68;3336;3914;3203;3984;3471;3467;3203;4.15;22.20;0.00;24.38;8.37;8.24
ta69;3862;4271;3550;4222;3607;3661;3550;8.79;20.31;0.00;18.93;1.61;3.13
ta70;3801;4394;3482;4132;3784;3667;3482;9.16;26.19;0.00;18.67;8.67;5.31
ta71;6232;7038;6036;7118;6270;6225;6036;3.25;16.60;0.00;17.93;3.88;3.13
ta72;5973;7170;5583;6846;5671;5826;5583;6.99;28.43;0.00;22.62;1.58;4.35
ta73;6482;7251;6050;6835;6357;6163;6050;7.14;19.85;0.00;12.98;5.07;1.87
ta74;6062;7163;5678;6970;6003;5940;5678;6.76;26.15;0.00;22.75;5.72;4.61
ta75;6217;7338;6029;6899;6420;6137;6029;3.12;21.71;0.00;14.43;6.49;1.79
ta76;6370;6820;5887;6950;6183;6023;5887;8.20;15.85;0.00;18.06;5.03;2.31
ta77;6045;6816;5905;6976;5952;6093;5905;2.37;15.43;0.00;18.14;0.80;3.18
ta78;6143;6882;5700;6716;6328;5985;5700;7.77;20.74;0.00;17.82;11.02;5.00
ta79;6018;7232;5749;6977;6003;6038;5749;4.68;25.80;0.00;21.36;4.42;5.03
ta80;5848;7043;5505;6874;5763;5941;5505;6.23;27.94;0.00;24.87;4.69;7.92
yn1;1196;1115;1005;1238;1113;1042;1005;19.00;10.95;0.00;23.18;10.75;3.68
yn2;1256;1195;1081;1329;1148;1072;1072;17.16;11.47;0.84;23.97;7.09;0.00
yn3;1042;1159;1118;1187;1135;1012;1012;2.96;14.53;10.47;17.29;12.15;0.00
yn4;1273;1322;1164;1456;1194;1177;1164;9.36;13.57;0.00;25.09;2.58;1.12
