Instancia;Melhor_Heuristica;Melhor_Makespan;Referencia_Oficial;Tipo_Referencia;Gap(%)
abz5;SPT;1352;1234;optimum;9.56
abz6;MWKR;987;943;optimum;4.67
abz7;Random;764;656;optimum;16.46
abz8;MWKR;825;665;upper_bound;24.06
abz9;Random;851;679;upper_bound;25.33
ft06;Random;60;55;optimum;9.09
ft10;SPT;1074;930;optimum;15.48
ft20;SPT;1267;1165;optimum;8.76
la01;Random;691;666;optimum;3.75
la02;Random;773;655;optimum;18.02
la03;Random;660;597;optimum;10.55
la04;Random;654;590;optimum;10.85
la05;MWKR/Random;593;593;optimum;0.00
la06;MWKR/FIFO/Random;926;926;optimum;0.00
la07;Random;967;890;optimum;8.65
la08;SPT;942;863;optimum;9.15
la09;Random;1000;951;optimum;5.15
la10;MWKR;966;958;optimum;0.84
la11;Random;1259;1222;optimum;3.03
la12;FIFO;1039;1039;optimum;0.00
la13;Random;1158;1150;optimum;0.70
la14;MWKR/FIFO/Random;1292;1292;optimum;0.00
la15;SPT;1339;1207;optimum;10.94
la16;MWKR;1054;945;optimum;11.53
la17;MWKR;846;784;optimum;7.91
la18;MWKR;970;848;optimum;14.39
la19;SPT;940;842;optimum;11.64
la20;MWKR;964;902;optimum;6.87
la21;MWKR;1264;1046;optimum;20.84
la22;MWKR;1079;927;optimum;16.40
la23;SPT;1162;1032;optimum;12.60
la24;Random;1079;935;optimum;15.40
la25;Random;1094;977;optimum;11.98
la26;FIFO;1372;1218;optimum;12.64
la27;MWKR;1442;1235;optimum;16.76
la28;FIFO;1474;1216;optimum;21.22
la29;MWKR;1337;1152;optimum;16.06
la30;Random;1485;1355;optimum;9.59
la31;Random;1914;1784;optimum;7.29
la32;MWKR;1875;1850;optimum;1.35
la33;FIFO;1873;1719;optimum;8.96
la34;Random;1910;1721;optimum;10.98
la35;SPT/MWKR;2118;1888;optimum;12.18
la36;MWKR;1510;1268;optimum;19.09
la37;Random;1575;1397;optimum;12.74
la38;SPT;1404;1196;optimum;17.39
la39;MWKR;1500;1233;optimum;21.65
la40;Random;1433;1222;optimum;17.27
orb01;Random;1296;1059;optimum;22.38
orb02;FIFO;1007;888;optimum;13.40
orb03;SPT;1179;1005;optimum;17.31
orb04;MWKR;1172;1005;optimum;16.62
orb05;Random;1033;887;optimum;16.46
orb06;Random;1183;1010;optimum;17.13
orb07;Random;462;397;optimum;16.37
orb08;Random;1085;899;optimum;20.69
orb09;Random;1138;934;optimum;21.84
orb10;SPT;1113;944;optimum;17.90
swv01;SPT;1737;1407;optimum;23.45
swv02;SPT;1706;1475;optimum;15.66
swv03;SPT;1806;1398;upper_bound;29.18
swv04;SPT;1874;1474;upper_bound;27.14
swv05;Random;1857;1424;optimum;30.41
swv06;MWKR;2135;1678;upper_bound;27.23
swv07;MWKR;2115;1600;upper_bound;32.19
swv08;Random;2214;1763;upper_bound;25.58
swv09;MWKR;2118;1661;upper_bound;27.51
swv10;MWKR;2300;1767;upper_bound;30.16
swv11;SPT;3714;2991;upper_bound;24.17
swv12;SPT;3759;3003;upper_bound;25.17
swv13;SPT;3657;3104;optimum;17.82
swv14;SPT;3506;2968;optimum;18.13
swv15;SPT;3501;2904;upper_bound;20.56
swv16;MWKR;2924;2924;optimum;0.00
swv17;MWKR;2861;2794;optimum;2.40
swv18;MWKR;2935;2852;optimum;2.91
swv19;Random;2990;2843;optimum;5.17
swv20;MWKR;2823;2823;optimum;0.00
ta01;SPT;1462;1231;optimum;18.77
ta02;MWKR;1440;1244;optimum;15.76
ta03;MWKR;1426;1218;optimum;17.08
ta04;MWKR;1387;1175;optimum;18.04
ta05;FIFO;1457;1224;optimum;19.04
ta06;MWKR;1369;1238;optimum;10.58
ta07;SPT;1434;1227;optimum;16.87
ta08;Random;1397;1217;optimum;14.79
ta09;MWKR;1541;1274;optimum;20.96
ta10;MWKR;1534;1241;optimum;23.61
ta11;MWKR;1685;1361;upper_bound;23.81
ta12;Random;1665;1367;upper_bound;21.80
ta13;Random;1635;1342;upper_bound;21.83
ta14;MWKR;1563;1345;optimum;16.21
ta15;MWKR;1696;1340;upper_bound;26.57
ta16;MWKR;1584;1360;upper_bound;16.47
ta17;Random;1747;1462;optimum;19.49
ta18;MWKR;1751;1396;upper_bound;25.43
ta19;MWKR;1667;1335;upper_bound;24.87
ta20;MWKR;1689;1351;upper_bound;25.02
ta21;MWKR;2044;1644;upper_bound;24.33
ta22;MWKR;1914;1600;upper_bound;19.62
ta23;SPT;1933;1557;upper_bound;24.15
ta24;MWKR;1982;1647;upper_bound;20.34
ta25;MWKR;1941;1595;upper_bound;21.69
ta26;MWKR;1951;1645;upper_bound;18.60
ta27;Random;2020;1680;upper_bound;20.24
ta28;Random;1940;1614;upper_bound;20.20
ta29;MWKR;1860;1635;upper_bound;13.76
ta30;Random;1848;1584;upper_bound;16.67
ta31;MWKR;2134;1764;optimum;20.98
ta32;MWKR;2223;1796;upper_bound;23.78
ta33;MWKR;2349;1793;upper_bound;31.01
ta34;MWKR;2245;1829;upper_bound;22.74
ta35;MWKR;2226;2007;optimum;10.91
ta36;Random;2268;1819;optimum;24.68
ta37;MWKR;2130;1778;upper_bound;19.80
ta38;MWKR;2050;1673;optimum;22.53
ta39;MWKR;2221;1795;optimum;23.73
ta40;FIFO;2069;1674;upper_bound;23.60
ta41;SPT;2499;2018;upper_bound;23.84
ta42;MWKR;2416;1956;upper_bound;23.52
ta43;MWKR;2345;1859;upper_bound;26.14
ta44;FIFO;2540;1984;upper_bound;28.02
ta45;MWKR;2524;2000;upper_bound;26.20
ta46;MWKR;2447;2021;upper_bound;21.08
ta47;MWKR;2263;1903;upper_bound;18.92
ta48;MWKR;2356;1952;upper_bound;20.70
ta49;MWKR;2382;1968;upper_bound;21.04
ta50;SPT;2429;1926;upper_bound;26.12
ta51;Random;3354;2760;optimum;21.52
ta52;SPT;3266;2756;optimum;18.51
ta53;MWKR;3098;2717;optimum;14.02
ta54;SPT;3142;2839;optimum;10.67
ta55;Random;3135;2679;optimum;17.02
ta56;MWKR;3134;2781;optimum;12.69
ta57;MWKR;3261;2943;optimum;10.81
ta58;FIFO;3362;2885;optimum;16.53
ta59;MWKR;3131;2655;optimum;17.93
ta60;MWKR;3122;2723;optimum;14.65
ta61;MWKR;3343;2868;optimum;16.56
ta62;MWKR;3462;2869;optimum;20.67
ta63;MWKR;3233;2755;optimum;17.35
ta64;FIFO;3179;2702;optimum;17.65
ta65;FIFO;3273;2725;optimum;20.11
ta66;MWKR;3287;2845;optimum;15.54
ta67;MWKR;3351;2825;optimum;18.62
ta68;MWKR;3203;2784;optimum;15.05
ta69;MWKR;3550;3071;optimum;15.60
ta70;MWKR;3482;2995;optimum;16.26
ta71;MWKR;6036;;sem_referencia;
ta72;MWKR;5583;;sem_referencia;
ta73;MWKR;6050;;sem_referencia;
ta74;MWKR;5678;;sem_referencia;
ta75;MWKR;6029;;sem_referencia;
ta76;MWKR;5887;;sem_referencia;
ta77;MWKR;5905;;sem_referencia;
ta78;MWKR;5700;;sem_referencia;
ta79;MWKR;5749;;sem_referencia;
ta80;MWKR;5505;;sem_referencia;
yn1;MWKR;1005;885;upper_bound;13.56
yn2;Random;1072;909;upper_bound;17.93
yn3;Random;1012;892;upper_bound;13.45
yn4;MWKR;1164;968;upper_bound;20.25
