Instancia;Tempo_SPT(s);Tempo_LPT(s);Tempo_MWKR(s);Tempo_LWKR(s);Tempo_FIFO(s);Tempo_Random(s)
abz5;0.001487;0.001033;0.001044;0.000970;0.001083;0.009981
abz6;0.001338;0.001004;0.001123;0.001040;0.001089;0.010117
abz7;0.006136;0.005756;0.006002;0.005335;0.005898;0.061962
abz8;0.006108;0.005819;0.005857;0.005563;0.005700;0.057224
abz9;0.005896;0.005749;0.006023;0.005622;0.005968;0.061602
ft06;0.000535;0.000269;0.000279;0.000222;0.000220;0.002097
ft10;0.001134;0.001044;0.001127;0.001522;0.001150;0.010572
ft20;0.002057;0.001645;0.001723;0.001611;0.001876;0.015480
la01;0.000837;0.000487;0.000503;0.000501;0.000507;0.004689
la02;0.000609;0.000496;0.000471;0.000449;0.000513;0.004666
la03;0.000709;0.000455;0.000516;0.000452;0.000533;0.004203
la04;0.000745;0.000433;0.000495;0.000487;0.000555;0.004513
la05;0.000747;0.000523;0.000614;0.000476;0.000587;0.005032
la06;0.001255;0.000928;0.000942;0.000881;0.001029;0.009487
la07;0.001240;0.000885;0.000947;0.000831;0.000899;0.008780
la08;0.001038;0.000916;0.000939;0.000882;0.001098;0.009312
la09;0.001100;0.000869;0.000935;0.000865;0.000955;0.009015
la10;0.001179;0.000918;0.000979;0.000841;0.001033;0.008835
la11;0.001651;0.001415;0.001675;0.001457;0.001681;0.015017
la12;0.001638;0.001499;0.001625;0.001341;0.001757;0.014875
la13;0.001710;0.001513;0.001667;0.001336;0.001664;0.015188
la14;0.001567;0.001561;0.001729;0.001361;0.001659;0.016362
la15;0.002268;0.001698;0.001992;0.001512;0.001767;0.015421
la16;0.001239;0.000973;0.001006;0.000976;0.000993;0.009581
la17;0.001123;0.000967;0.001057;0.000955;0.001030;0.009590
la18;0.001221;0.001052;0.001047;0.000967;0.001005;0.009622
la19;0.001159;0.001029;0.001044;0.000976;0.001017;0.010110
la20;0.001225;0.000986;0.001008;0.000989;0.001026;0.009861
la21;0.002350;0.002157;0.002232;0.001970;0.002096;0.020736
la22;0.002431;0.002132;0.002106;0.001965;0.002079;0.020325
la23;0.002630;0.002311;0.002315;0.001985;0.002235;0.021331
la24;0.002274;0.002142;0.002143;0.001951;0.002225;0.022530
la25;0.002421;0.002274;0.002294;0.002187;0.002330;0.022618
la26;0.003781;0.003682;0.003820;0.003445;0.003783;0.037607
la27;0.003802;0.003481;0.003786;0.003374;0.003737;0.034980
la28;0.003772;0.003564;0.003745;0.003292;0.003648;0.036014
la29;0.003793;0.003422;0.004332;0.003319;0.003797;0.035127
la30;0.003729;0.003446;0.003817;0.003229;0.003659;0.035489
la31;0.007439;0.007169;0.007966;0.006858;0.007654;0.079668
la32;0.008848;0.007222;0.008799;0.007427;0.008285;0.077833
la33;0.007532;0.007233;0.008009;0.007129;0.007734;0.080257
la34;0.008172;0.008307;0.008767;0.007272;0.008285;0.077517
la35;0.007504;0.007289;0.008246;0.006798;0.007934;0.075042
la36;0.003602;0.003271;0.003459;0.003213;0.003376;0.033444
la37;0.003782;0.003543;0.003542;0.003428;0.003341;0.034129
la38;0.005833;0.005873;0.003538;0.003322;0.004880;0.056996
la39;0.004383;0.005677;0.004172;0.003947;0.006437;0.049412
la40;0.005838;0.005046;0.005285;0.005257;0.003987;0.034637
orb01;0.001435;0.001008;0.001134;0.000920;0.001085;0.009774
orb02;0.001311;0.001069;0.001014;0.000955;0.001029;0.009682
orb03;0.001170;0.000998;0.001041;0.000964;0.001072;0.009671
orb04;0.001192;0.001018;0.001052;0.000982;0.000958;0.009705
orb05;0.001079;0.000984;0.001016;0.000970;0.000950;0.009492
orb06;0.001271;0.001022;0.001049;0.001015;0.000989;0.010091
orb07;0.001313;0.000986;0.001020;0.000956;0.001008;0.009759
orb08;0.001155;0.001032;0.001007;0.000988;0.000962;0.009724
orb09;0.001504;0.001042;0.001149;0.000974;0.001096;0.010270
orb10;0.001293;0.001066;0.001069;0.001012;0.001050;0.010200
swv01;0.003976;0.003652;0.004065;0.003172;0.003748;0.035987
swv02;0.003708;0.003541;0.003813;0.003255;0.003675;0.035780
swv03;0.003583;0.003603;0.003596;0.003213;0.003581;0.037225
swv04;0.003862;0.003476;0.003792;0.003247;0.003535;0.035664
swv05;0.003738;0.003503;0.003820;0.003246;0.003713;0.035925
swv06;0.006073;0.005710;0.006163;0.005549;0.005901;0.059841
swv07;0.006038;0.006013;0.006177;0.005552;0.006191;0.060876
swv08;0.006462;0.005820;0.006238;0.005538;0.005982;0.059385
swv09;0.005960;0.005599;0.006168;0.005550;0.005997;0.059475
swv10;0.006119;0.005966;0.006020;0.005339;0.005936;0.059603
swv11;0.018995;0.019508;0.022063;0.017437;0.021173;0.204498
swv12;0.018854;0.018923;0.021629;0.017104;0.021584;0.204062
swv13;0.018805;0.018538;0.021044;0.016903;0.020418;0.198255
swv14;0.018716;0.018657;0.021403;0.016755;0.020559;0.199725
swv15;0.018751;0.018773;0.021647;0.016428;0.020197;0.198087
swv16;0.019169;0.019686;0.021745;0.017135;0.021511;0.201744
swv17;0.019083;0.018769;0.021522;0.017067;0.020586;0.200861
swv18;0.018694;0.018835;0.021621;0.017398;0.020918;0.197591
swv19;0.019411;0.018511;0.023690;0.017145;0.021094;0.202762
swv20;0.019228;0.018781;0.021665;0.017287;0.020952;0.207177
ta01;0.003821;0.003308;0.003556;0.003618;0.003421;0.035047
ta02;0.003727;0.003353;0.003484;0.003135;0.003340;0.034230
ta03;0.003543;0.003308;0.003577;0.003360;0.003382;0.032702
ta04;0.003700;0.003433;0.003457;0.003174;0.003305;0.033479
ta05;0.003469;0.003277;0.003515;0.003304;0.003408;0.033649
ta06;0.004620;0.003576;0.003703;0.003361;0.003417;0.034449
ta07;0.003648;0.003335;0.003478;0.003210;0.003365;0.033836
ta08;0.003768;0.003427;0.003469;0.003207;0.003328;0.033990
ta09;0.003680;0.003358;0.003527;0.003296;0.003351;0.034776
ta10;0.003693;0.003375;0.003606;0.003496;0.003313;0.032934
ta11;0.006036;0.005542;0.006024;0.005438;0.005900;0.055664
ta12;0.006141;0.005738;0.006060;0.005577;0.005789;0.057711
ta13;0.006096;0.005532;0.006032;0.005521;0.005556;0.055641
ta14;0.005993;0.005552;0.006047;0.005607;0.005660;0.055952
ta15;0.005988;0.005672;0.005967;0.005472;0.005651;0.056930
ta16;0.006155;0.005752;0.006059;0.006101;0.005800;0.057841
ta17;0.006151;0.005841;0.005995;0.005512;0.005725;0.059004
ta18;0.006261;0.005717;0.005990;0.005577;0.007972;0.057506
ta19;0.006050;0.005681;0.006032;0.005633;0.005695;0.056992
ta20;0.006707;0.005699;0.006113;0.005517;0.005640;0.056573
ta21;0.008503;0.007897;0.008508;0.007944;0.008126;0.083109
ta22;0.008784;0.008005;0.008521;0.007895;0.008067;0.082887
ta23;0.008628;0.008047;0.008599;0.007859;0.008123;0.083169
ta24;0.008689;0.008105;0.008567;0.008163;0.008232;0.082456
ta25;0.008550;0.008152;0.008422;0.008083;0.008061;0.081336
ta26;0.008527;0.008077;0.008669;0.007943;0.008268;0.082633
ta27;0.008607;0.008053;0.008413;0.008230;0.008299;0.083762
ta28;0.008968;0.008443;0.008937;0.008280;0.008444;0.086988
ta29;0.008895;0.008611;0.008813;0.008052;0.008785;0.088158
ta30;0.008889;0.008706;0.009067;0.008533;0.008555;0.084983
ta31;0.013594;0.012808;0.013838;0.012213;0.013136;0.131503
ta32;0.012865;0.012656;0.013797;0.011860;0.012733;0.129955
ta33;0.013613;0.012236;0.013812;0.011944;0.012992;0.131896
ta34;0.013282;0.012503;0.013993;0.011563;0.013027;0.124958
ta35;0.012111;0.011705;0.013073;0.012889;0.012348;0.120365
ta36;0.012431;0.011918;0.013108;0.011140;0.012210;0.126128
ta37;0.011924;0.011785;0.013072;0.011843;0.012299;0.123060
ta38;0.012734;0.011978;0.013156;0.011340;0.012261;0.125461
ta39;0.012233;0.011627;0.013095;0.011165;0.012239;0.119497
ta40;0.012641;0.011972;0.013033;0.011339;0.012487;0.127808
ta41;0.018517;0.018055;0.018538;0.017344;0.018077;0.185849
ta42;0.018426;0.017376;0.019225;0.017138;0.017940;0.182667
ta43;0.019172;0.017862;0.019232;0.017935;0.019814;0.184658
ta44;0.018202;0.017758;0.019269;0.017673;0.017607;0.178463
ta45;0.018155;0.017172;0.019645;0.017369;0.017861;0.187855
ta46;0.018901;0.018495;0.020358;0.017719;0.018316;0.180187
ta47;0.018482;0.017391;0.019023;0.017480;0.018170;0.191937
ta48;0.019968;0.018268;0.019472;0.017352;0.018244;0.181758
ta49;0.018291;0.017695;0.019063;0.017130;0.018560;0.185017
ta50;0.019252;0.019256;0.019587;0.018219;0.019094;0.183384
ta51;0.032516;0.033039;0.036741;0.030699;0.035841;0.360606
ta52;0.032162;0.033528;0.036897;0.031458;0.038805;0.345861
ta53;0.034231;0.037584;0.039500;0.031436;0.039008;0.341658
ta54;0.033070;0.033749;0.036741;0.031266;0.036434;0.344693
ta55;0.031680;0.032097;0.034301;0.030663;0.034040;0.329516
ta56;0.031318;0.032465;0.035135;0.028720;0.034501;0.335292
ta57;0.032101;0.032727;0.035600;0.030481;0.034371;0.338164
ta58;0.031430;0.031396;0.035203;0.029136;0.034764;0.338395
ta59;0.033798;0.032389;0.035352;0.030588;0.034799;0.332601
ta60;0.032638;0.033543;0.035708;0.029743;0.035288;0.356242
ta61;0.047077;0.047783;0.053062;0.044002;0.049955;0.490839
ta62;0.048244;0.049620;0.056179;0.046223;0.049893;0.482905
ta63;0.047265;0.048342;0.051454;0.043827;0.049964;0.480333
ta64;0.046987;0.047566;0.049709;0.043978;0.051692;0.479859
ta65;0.048367;0.047901;0.051152;0.044686;0.051089;0.481576
ta66;0.048824;0.048609;0.051326;0.043914;0.049474;0.482168
ta67;0.047256;0.047507;0.050751;0.043943;0.049708;0.476250
ta68;0.049320;0.048327;0.051125;0.044271;0.048829;0.482574
ta69;0.050288;0.050281;0.051725;0.044269;0.050173;0.485413
ta70;0.047646;0.047775;0.051904;0.044442;0.049455;0.484559
ta71;0.184602;0.185360;0.202243;0.163619;0.195798;1.884833
ta72;0.179575;0.181952;0.206978;0.170610;0.197803;1.904085
ta73;0.172475;0.188520;0.202773;0.166125;0.201759;1.876547
ta74;0.177932;0.178235;0.202852;0.161709;0.199862;1.901046
ta75;0.176288;0.180798;0.198532;0.162173;0.195016;1.861790
ta76;0.175224;0.183387;0.201416;0.162687;0.198701;1.963846
ta77;0.186301;0.187770;0.205746;0.164400;0.200771;1.944043
ta78;0.185653;0.189166;0.206348;0.169262;0.200493;1.885862
ta79;0.178516;0.179067;0.199666;0.158692;0.193949;1.910988
ta80;0.185580;0.194664;0.208835;0.175009;0.201786;1.902054
yn1;0.009072;0.008743;0.008733;0.008656;0.008479;0.084784
yn2;0.008560;0.008456;0.008874;0.008338;0.008667;0.084537
yn3;0.009514;0.008506;0.008689;0.007893;0.008424;0.083449
yn4;0.008748;0.008341;0.008739;0.008132;0.008703;0.083611
